Umbrella Group,Market Class,Hub Scope,Payment Rail,Primary Channel Vector
Premium Partnership Anchors,Class-A Core,7 Gateway Hubs,PayID Instant,Telegram Central Ops
Prestige Alliance Armada,Class-A Turnkey,19 Connected Skins,PayID Instant,Telegram / Web App
iPay9 & 99Partners Arrays,Class-B Turnkey,13 Connected Skins,PayID Instant,Telegram Channels
Independent Fleet Hubs (20+ Clusters),Class-C Independent,300+ Total Nodes Addressable,PayID / Crypto,Localized Networks
,,,,
Sub-Brand Casino Node,Parent Umbrella Group,Platform Anchor Type,Proxy Gateway Router,Anycast Latency Floor
BLUEY,Premium Partnership Anchors,Core Gateway Anchor,bluey-proxy.cc,16.4 ms
MCPOKIES,Premium Partnership Anchors,Core Gateway Anchor,mcpokies-hop.vip,16.4 ms
BIG BET,Premium Partnership Anchors,Core Gateway Anchor,bigbet-shield.co,16.4 ms
MR BET,Premium Partnership Anchors,Core Gateway Anchor,mrbet-tunnel.net,16.4 ms
MPOKIES CH,Premium Partnership Anchors,Core Gateway Anchor,mpokies-ch.net,16.4 ms
PAYID123 HUB,Premium Partnership Anchors,Core Gateway Anchor,payid123-hub.vip,16.4 ms
AU_01,Premium Partnership Anchors,Numerical Sequence Node,au01-hop.vip,16.4 ms
AU_02,Premium Partnership Anchors,Numerical Sequence Node,au02-hop.vip,16.4 ms
AU_03,Premium Partnership Anchors,Numerical Sequence Node,au03-hop.vip,16.4 ms
AU_99,Premium Partnership Anchors,Numerical Sequence Node,au99-vault.bet,16.4 ms
GDAY007,Prestige Alliance Armada,Multi-Casino Turnkey,gday-mirror.xyz,16.4 ms
MRBET96,Prestige Alliance Armada,Multi-Casino Turnkey,mrbet-secure.io,16.4 ms
PLAY99,Prestige Alliance Armada,Multi-Casino Turnkey,p99-loop.net,16.4 ms
SPEED8,Prestige Alliance Armada,Multi-Casino Turnkey,speed-hop.vip,16.4 ms
WON96 CORE,Prestige Alliance Armada,Multi-Casino Turnkey,won96-shield.vip,16.4 ms
SUREWIN,Prestige Alliance Armada,Multi-Casino Turnkey,surewin-tunnel.com,16.4 ms
WON29,Prestige Alliance Armada,Multi-Casino Turnkey,won29-proxy.net,16.4 ms
AUJUM,Prestige Alliance Armada,Multi-Casino Turnkey,aujum-vault.bet,16.4 ms
ECL9,Prestige Alliance Armada,Multi-Casino Turnkey,ecl9-mirror.cc,16.4 ms
WINSTAR96,Prestige Alliance Armada,Multi-Casino Turnkey,winstar-shield.net,16.4 ms
MRWIN77,Prestige Alliance Armada,Multi-Casino Turnkey,m77-shield.co,16.4 ms
VIP15,Prestige Alliance Armada,Multi-Casino Turnkey,v15-tunnel.net,16.4 ms
AUSWIN,Prestige Alliance Armada,Multi-Casino Turnkey,aw-vault.com,16.4 ms
WIN33,Prestige Alliance Armada,Multi-Casino Turnkey,w33-any.co,16.4 ms
WINSHARK88,Prestige Alliance Armada,Multi-Casino Turnkey,ws88-mirror.net,16.4 ms
SPLASH77,Prestige Alliance Armada,Multi-Casino Turnkey,sp77-hop.cc,16.4 ms
GALAXY96,Prestige Alliance Armada,Multi-Casino Turnkey,gx96-shield.vip,16.4 ms
WINSTARTO,Prestige Alliance Armada,Multi-Casino Turnkey,ws-tunnel.com,16.4 ms
CROWN20,Prestige Alliance Armada,Multi-Casino Turnkey,crown-proxy.cc,16.4 ms
IPAY9 CORE,iPay9 & 99Partners Arrays,Multi-Tenant Sibling,ip9-mirror.xyz,16.4 ms
BIGPAY77,iPay9 & 99Partners Arrays,Multi-Tenant Sibling,bp77-secure.io,16.4 ms
ROLEX9,iPay9 & 99Partners Arrays,Multi-Tenant Sibling,rx9-proxy.cc,16.4 ms
KINGBET9,iPay9 & 99Partners Arrays,Multi-Tenant Sibling,kb9-hop.vip,16.4 ms
MRBEAN9,iPay9 & 99Partners Arrays,Multi-Tenant Sibling,mb9-tunnel.net,16.4 ms
ME99 ENTITY,iPay9 & 99Partners Arrays,Multi-Tenant Sibling,me99-loop.net,16.4 ms
SPINAROO,iPay9 & 99Partners Arrays,Multi-Tenant Sibling,spin-vault.net,16.4 ms
GUCCI9,iPay9 & 99Partners Arrays,Multi-Tenant Sibling,gc9-any.vip,16.4 ms
BYBID9,iPay9 & 99Partners Arrays,Multi-Tenant Sibling,bb9-mirror.net,16.4 ms
QUEEN18,iPay9 & 99Partners Arrays,Multi-Tenant Sibling,q18-hop.cc,16.4 ms
MICKY9,iPay9 & 99Partners Arrays,Multi-Tenant Sibling,m9-shield.vip,16.4 ms
MRBOOM9,iPay9 & 99Partners Arrays,Multi-Tenant Sibling,mbm9-tunnel.com,16.4 ms
99PARTNERS,iPay9 & 99Partners Arrays,Multi-Tenant Sibling,99p-shield.co,16.4 ms
BOOONGO33 NETS,Independent Fleet Hubs (20+ Clusters),Independent Cluster Node,boongo33.com,16.4 ms
MEGARICH CLB,Independent Fleet Hubs (20+ Clusters),Independent Cluster Node,megarichclub.com,16.4 ms
BEST77 ARRAY,Independent Fleet Hubs (20+ Clusters),Independent Cluster Node,best77.net,16.4 ms
AUSSIE BEST M199,Independent Fleet Hubs (20+ Clusters),Independent Cluster Node,aussiebestpartnership.com,16.4 ms
1XGP CHANNELS,Independent Fleet Hubs (20+ Clusters),Independent Cluster Node,1xgroup.vip,16.4 ms
ii89 REALMS,Independent Fleet Hubs (20+ Clusters),Independent Cluster Node,ii89.io,16.4 ms
WOWZA96,Independent Fleet Hubs (20+ Clusters),Independent Cluster Node,wowza96.cc,16.4 ms
SPINZA96,Independent Fleet Hubs (20+ Clusters),Independent Cluster Node,spinza96.net,16.4 ms
STAKE96,Independent Fleet Hubs (20+ Clusters),Independent Cluster Node,stake96.io,16.4 ms
SHUFFLE96,Independent Fleet Hubs (20+ Clusters),Independent Cluster Node,shuffle96.vip,16.4 ms
REAL POKIES,Independent Fleet Hubs (20+ Clusters),Independent Cluster Node,realpokies.cc,16.4 ms
ROOSPIN33,Independent Fleet Hubs (20+ Clusters),Independent Cluster Node,roospin33.com,16.4 ms
GLUCK33,Independent Fleet Hubs (20+ Clusters),Independent Cluster Node,gluck33.net,16.4 ms
LUNA8,Independent Fleet Hubs (20+ Clusters),Independent Cluster Node,luna8.cc,16.4 ms
ASTRO9,Independent Fleet Hubs (20+ Clusters),Independent Cluster Node,astro9.net,16.4 ms
SIXTY9,Independent Fleet Hubs (20+ Clusters),Independent Cluster Node,sixty9.io,16.4 ms
